,auc_train,precision_train,recall_train,f1_train,auc_test,precision_test,recall_test,f1_test
toxic,0.7787542500633686,0.8675909878682843,0.15605711079244342,0.26453181145635174,0.775155393348648,0.8623481781376519,0.15975998499906244,0.26957759848125296
severe_toxic,0.9222860047876548,0.9356913183279743,0.02455074664641863,0.04784610325550805,0.9180481186958446,0.9319371727748691,0.022508851795649976,0.04395604395604395
obscene,0.8389343477956884,0.8451053283767038,0.10344304565448202,0.18432432432432433,0.8310749357068664,0.8372753074739829,0.10061391541609822,0.17964071856287422
threat,0.9810309911914636,0.9325842696629213,0.0699831365935919,0.13019607843137254,0.8908054622340411,0.5263157894736842,0.03579952267303103,0.0670391061452514
insult,0.8245332857584273,0.8754966887417218,0.09786068546894663,0.17604367800785672,0.8199344705505612,0.8732394366197183,0.0978689818468824,0.1760113555713272
identity_hate,0.9253443033761944,0.7153558052434457,0.1361368496079829,0.22874251497005987,0.8987155230406935,0.6222222222222222,0.11826821541710665,0.19875776397515527
